"Период","Сумма","Код раздела и подраздела полностью","Название подраздела","Тип","КБК","Комментарий","Код раздела","Наименование ГРБС","Код подраздела","Название раздела","Название вида расходов","ДокВерсия","Регион","Дата изменения","Код ГРБС","Название целевой статьи расходов","id","Уровень","Код целевой статьи расходов","Версия","Стадия","Код вида расходов"
"2014","1081000.00","0104","Функционирование правительства российской федерации, высших исполнительных органов государственной власти субъектов российской федерации, местных администраций","E","88101040020500100",,"01","Местная администрация муниципального","04",,"Расходы на выплаты персоналу в целях обеспечения выполнения функций государственными (муниципальными) органами, казенными учреждениями, органами управления государственными внебюджетными фондами","1",,"2015","881","Глава местной администрации","1","M","0020500","final","EN","100"
"2014","1081000.00","0104","Функционирование правительства российской федерации, высших исполнительных органов государственной власти субъектов российской федерации, местных администраций","E","88101040020500120",,"01","Местная администрация муниципального","04",,"Расходы на выплаты персоналу государственных (муниципальных) органов","1",,"2015","881","Глава местной администрации","2","M","0020500","final","EN","120"
"2014","8655100.00","0104","Функционирование правительства российской федерации, высших исполнительных органов государственной власти субъектов российской федерации, местных администраций","E","88101040020601100",,"01","Местная администрация муниципального","04",,"Расходы на выплаты персоналу в целях обеспечения выполнения функций государственными (муниципальными) органами, казенными учреждениями, органами управления государственными внебюджетными фондами","1",,"2015","881","Содержание и обеспечение деятельности местной администрации по решению вопросов местного значения","3","M","0020601","final","EN","100"
"2014","8655100.00","0104","Функционирование правительства российской федерации, высших исполнительных органов государственной власти субъектов российской федерации, местных администраций","E","88101040020601120",,"01","Местная администрация муниципального","04",,"Расходы на выплаты персоналу государственных (муниципальных) органов","1",,"2015","881","Содержание и обеспечение деятельности местной администрации по решению вопросов местного значения","4","M","0020601","final","EN","120"
"2014","2138700.00","0104","Функционирование правительства российской федерации, высших исполнительных органов государственной власти субъектов российской федерации, местных администраций","E","88101040020601200",,"01","Местная администрация муниципального","04",,"Закупка товаров, работ, услуг для государственных (муниципальных) нужд","1",,"2015","881","Содержание и обеспечение деятельности местной администрации по решению вопросов местного значения","5","M","0020601","final","EN","200"
"2014","2138700.00","0104","Функционирование правительства российской федерации, высших исполнительных органов государственной власти субъектов российской федерации, местных администраций","E","88101040020601240",,"01","Местная администрация муниципального","04",,"Иные закупки товаров, работ и услуг для обеспечения государственных (муниципальных) нужд","1",,"2015","881","Содержание и обеспечение деятельности местной администрации по решению вопросов местного значения","6","M","0020601","final","EN","240"
"2014","5100.00","0104","Функционирование правительства российской федерации, высших исполнительных органов государственной власти субъектов российской федерации, местных администраций","E","88101040020601800",,"01","Местная администрация муниципального","04",,"Иные бюджетные ассигнования","1",,"2015","881","Содержание и обеспечение деятельности местной администрации по решению вопросов местного значения","7","M","0020601","final","EN","800"
"2014","5100.00","0104","Функционирование правительства российской федерации, высших исполнительных органов государственной власти субъектов российской федерации, местных администраций","E","88101040020601850",,"01","Местная администрация муниципального","04",,"Уплата налогов, сборов и иных платежей","1",,"2015","881","Содержание и обеспечение деятельности местной администрации по решению вопросов местного значения","8","M","0020601","final","EN","850"
"2014","5300.00","0104","Функционирование правительства российской федерации, высших исполнительных органов государственной власти субъектов российской федерации, местных администраций","E","88101040028001200",,"01","Местная администрация муниципального","04",,"Закупка товаров, работ, услуг для государственных (муниципальных) нужд","1",,"2015","881","Определение должностных лиц, уполномоченных составлять протоколы об административных правонарушениях, и составление протоколов об административных правонарушениях","9","M","0028001","final","EN","200"
"2014","5300.00","0104","Функционирование правительства российской федерации, высших исполнительных органов государственной власти субъектов российской федерации, местных администраций","E","88101040028001240",,"01","Местная администрация муниципального","04",,"Иные закупки товаров, работ и услуг для обеспечения государственных (муниципальных) нужд","1",,"2015","881","Определение должностных лиц, уполномоченных составлять протоколы об административных правонарушениях, и составление протоколов об административных правонарушениях","10","M","0028001","final","EN","240"
"2014","2946700.00","0107","Обеспечение проведения выборов и референдумов","E","98401070200101100",,"01","Избирательная комиссия муниципального","07",,"Расходы на выплаты персоналу в целях обеспечения выполнения функций государственными (муниципальными) органами, казенными учреждениями, органами управления государственными внебюджетными фондами","1",,"2015","984","Проведение выборов в представительные органы муниципального образования","11","M","0200101","final","EN","100"
"2014","2946700.00","0107","Обеспечение проведения выборов и референдумов","E","98401070200101120",,"01","Избирательная комиссия муниципального","07",,"Расходы на выплаты персоналу государственных (муниципальных) органов","1",,"2015","984","Проведение выборов в представительные органы муниципального образования","12","M","0200101","final","EN","120"
"2014","508900.00","0107","Обеспечение проведения выборов и референдумов","E","98401070200101200",,"01","Избирательная комиссия муниципального","07",,"Закупка товаров, работ, услуг для государственных (муниципальных) нужд","1",,"2015","984","Проведение выборов в представительные органы муниципального образования","13","M","0200101","final","EN","200"
"2014","508900.00","0107","Обеспечение проведения выборов и референдумов","E","98401070200101240",,"01","Избирательная комиссия муниципального","07",,"Иные закупки товаров, работ и услуг для обеспечения государственных (муниципальных) нужд","1",,"2015","984","Проведение выборов в представительные органы муниципального образования","14","M","0200101","final","EN","240"
"2014","400000.00","0111","Резервные фонды","E","88101110700100800",,"01","Местная администрация муниципального","11",,"Иные бюджетные ассигнования","1",,"2015","881","Резервный фонд местной администрации","15","M","0700100","final","EN","800"
"2014","400000.00","0111","Резервные фонды","E","88101110700100870",,"01","Местная администрация муниципального","11",,"Резервные средства","1",,"2015","881","Резервный фонд местной администрации","16","M","0700100","final","EN","870"
"2014","600000.00","0113","Другие общегосударственные вопросы","E","88101130920100600",,"01","Местная администрация муниципального","13",,"Предоставление субсидий бюджетным, автономным учреждениям и иным некоммерческим организациям","1",,"2015","881","Осуществление в порядке и формах, установленных законом санкт-петербурга, поддержки деятельности граждан, общественных объединений, участвующих в охране общественного порядка на территории муниципального образования","17","M","0920100","final","EN","600"
"2014","600000.00","0113","Другие общегосударственные вопросы","E","88101130920100630",,"01","Местная администрация муниципального","13",,"Субсидии некоммерческим организациям (за исключением государственных (муниципальных) учреждений)","1",,"2015","881","Осуществление в порядке и формах, установленных законом санкт-петербурга, поддержки деятельности граждан, общественных объединений, участвующих в охране общественного порядка на территории муниципального образования","18","M","0920100","final","EN","630"
"2014","72000.00","0113","Другие общегосударственные вопросы","E","88101130920200800",,"01","Местная администрация муниципального","13",,"Иные бюджетные ассигнования","1",,"2015","881","Уплата членских взносов на осуществление деятельности совета муниципальных образований санкт-петербурга и содержание его органов","19","M","0920200","final","EN","800"
"2014","72000.00","0113","Другие общегосударственные вопросы","E","88101130920200850",,"01","Местная администрация муниципального","13",,"Уплата налогов, сборов и иных платежей","1",,"2015","881","Уплата членских взносов на осуществление деятельности совета муниципальных образований санкт-петербурга и содержание его органов","20","M","0920200","final","EN","850"
"2014","500000.00","0113","Другие общегосударственные вопросы","E","88101130920300200",,"01","Местная администрация муниципального","13",,"Закупка товаров, работ, услуг для государственных (муниципальных) нужд","1",,"2015","881","Формирование и размещение муниципального заказа","21","M","0920300","final","EN","200"
"2014","500000.00","0113","Другие общегосударственные вопросы","E","88101130920300240",,"01","Местная администрация муниципального","13",,"Иные закупки товаров, работ и услуг для обеспечения государственных (муниципальных) нужд","1",,"2015","881","Формирование и размещение муниципального заказа","22","M","0920300","final","EN","240"
"2014","25000.00","0113","Другие общегосударственные вопросы","E","88101130920400200",,"01","Местная администрация муниципального","13",,"Закупка товаров, работ, услуг для государственных (муниципальных) нужд","1",,"2015","881","Проведение конференций граждан (собраний делегатов), опросов граждан по инициативе органов местного самоуправления, публичных слушаний и собраний граждан","23","M","0920400","final","EN","200"
"2014","25000.00","0113","Другие общегосударственные вопросы","E","88101130920400240",,"01","Местная администрация муниципального","13",,"Иные закупки товаров, работ и услуг для обеспечения государственных (муниципальных) нужд","1",,"2015","881","Проведение конференций граждан (собраний делегатов), опросов граждан по инициативе органов местного самоуправления, публичных слушаний и собраний граждан","24","M","0920400","final","EN","240"
"2014","100000.00","0113","Другие общегосударственные вопросы","E","88101130920500200",,"01","Местная администрация муниципального","13",,"Закупка товаров, работ, услуг для государственных (муниципальных) нужд","1",,"2015","881","Формирование архивных фондов органов местного самоуправления","25","M","0920500","final","EN","200"
"2014","100000.00","0113","Другие общегосударственные вопросы","E","88101130920500240",,"01","Местная администрация муниципального","13",,"Иные закупки товаров, работ и услуг для обеспечения государственных (муниципальных) нужд","1",,"2015","881","Формирование архивных фондов органов местного самоуправления","26","M","0920500","final","EN","240"
"2014","115000.00","0309","Защита населения и территории от чрезвычайных ситуаций природного и техногенного характера, гражданская оборона","E","88103092190100200",,"03","Местная администрация муниципального","09","Национальная безопасность и правоохранительная деятельность","Закупка товаров, работ, услуг для государственных (муниципальных) нужд","1",,"2015","881","Организация в установленном порядке сбора и обмена информацией в области защиты населения и территорий от чрезвычайных ситуаций, обеспечению своевременного оповещения и информирования населения об угрозе возникновения или о возникновении чрезвычайной ситуации","27","M","2190100","final","EN","200"
"2014","115000.00","0309","Защита населения и территории от чрезвычайных ситуаций природного и техногенного характера, гражданская оборона","E","88103092190100240",,"03","Местная администрация муниципального","09","Национальная безопасность и правоохранительная деятельность","Иные закупки товаров, работ и услуг для обеспечения государственных (муниципальных) нужд","1",,"2015","881","Организация в установленном порядке сбора и обмена информацией в области защиты населения и территорий от чрезвычайных ситуаций, обеспечению своевременного оповещения и информирования населения об угрозе возникновения или о возникновении чрезвычайной ситуации","28","M","2190100","final","EN","240"
"2014","137300.00","0309","Защита населения и территории от чрезвычайных ситуаций природного и техногенного характера, гражданская оборона","E","88103092190200200",,"03","Местная администрация муниципального","09","Национальная безопасность и правоохранительная деятельность","Закупка товаров, работ, услуг для государственных (муниципальных) нужд","1",,"2015","881","Проведение подготовки и обучения неработающего населения способам защиты и действиям в чрезвычайных ситуациях, а также способам защиты от опасностей, возникающих при ведении военных действий или вследствие этих действий","29","M","2190200","final","EN","200"
"2014","137300.00","0309","Защита населения и территории от чрезвычайных ситуаций природного и техногенного характера, гражданская оборона","E","88103092190200240",,"03","Местная администрация муниципального","09","Национальная безопасность и правоохранительная деятельность","Иные закупки товаров, работ и услуг для обеспечения государственных (муниципальных) нужд","1",,"2015","881","Проведение подготовки и обучения неработающего населения способам защиты и действиям в чрезвычайных ситуациях, а также способам защиты от опасностей, возникающих при ведении военных действий или вследствие этих действий","30","M","2190200","final","EN","240"
"2014","145000.00","0314","Другие вопросы в области национальной безопасности и правоохранительной деятельности","E","88103147950100200",,"03","Местная администрация муниципального","14","Национальная безопасность и правоохранительная деятельность","Закупка товаров, работ, услуг для государственных (муниципальных) нужд","1",,"2015","881","Участие в профилактике терроризма и экстремизма, а также в минимизации и (или) ликвидации последствий проявления терроризма и экстремизма на территории муниципального образования","31","M","7950100","final","EN","200"
"2014","145000.00","0314","Другие вопросы в области национальной безопасности и правоохранительной деятельности","E","88103147950100240",,"03","Местная администрация муниципального","14","Национальная безопасность и правоохранительная деятельность","Иные закупки товаров, работ и услуг для обеспечения государственных (муниципальных) нужд","1",,"2015","881","Участие в профилактике терроризма и экстремизма, а также в минимизации и (или) ликвидации последствий проявления терроризма и экстремизма на территории муниципального образования","32","M","7950100","final","EN","240"
"2014","184200.00","0314","Другие вопросы в области национальной безопасности и правоохранительной деятельности","E","88103147950100800",,"03","Местная администрация муниципального","14","Национальная безопасность и правоохранительная деятельность","Иные бюджетные ассигнования","1",,"2015","881","Участие в профилактике терроризма и экстремизма, а также в минимизации и (или) ликвидации последствий проявления терроризма и экстремизма на территории муниципального образования","33","M","7950100","final","EN","800"
"2014","184200.00","0314","Другие вопросы в области национальной безопасности и правоохранительной деятельности","E","88103147950100850",,"03","Местная администрация муниципального","14","Национальная безопасность и правоохранительная деятельность","Уплата налогов, сборов и иных платежей","1",,"2015","881","Участие в профилактике терроризма и экстремизма, а также в минимизации и (или) ликвидации последствий проявления терроризма и экстремизма на территории муниципального образования","34","M","7950100","final","EN","850"
"2014","94000.00","0314","Другие вопросы в области национальной безопасности и правоохранительной деятельности","E","88103147950200200",,"03","Местная администрация муниципального","14","Национальная безопасность и правоохранительная деятельность","Закупка товаров, работ, услуг для государственных (муниципальных) нужд","1",,"2015","881","Участие в реализации мер по профилактике дорожно-транспортного травматизма на территории муниципального образования","35","M","7950200","final","EN","200"
"2014","94000.00","0314","Другие вопросы в области национальной безопасности и правоохранительной деятельности","E","88103147950200240",,"03","Местная администрация муниципального","14","Национальная безопасность и правоохранительная деятельность","Иные закупки товаров, работ и услуг для обеспечения государственных (муниципальных) нужд","1",,"2015","881","Участие в реализации мер по профилактике дорожно-транспортного травматизма на территории муниципального образования","36","M","7950200","final","EN","240"
"2014","2873200.00","0314","Другие вопросы в области национальной безопасности и правоохранительной деятельности","E","88103147950300200",,"03","Местная администрация муниципального","14","Национальная безопасность и правоохранительная деятельность","Закупка товаров, работ, услуг для государственных (муниципальных) нужд","1",,"2015","881","Участие в деятельности по профилактике правонарушений в санкт-петербурге в формах и порядке, установленных законодательством санкт-петербурга","37","M","7950300","final","EN","200"
"2014","2873200.00","0314","Другие вопросы в области национальной безопасности и правоохранительной деятельности","E","88103147950300240",,"03","Местная администрация муниципального","14","Национальная безопасность и правоохранительная деятельность","Иные закупки товаров, работ и услуг для обеспечения государственных (муниципальных) нужд","1",,"2015","881","Участие в деятельности по профилактике правонарушений в санкт-петербурге в формах и порядке, установленных законодательством санкт-петербурга","38","M","7950300","final","EN","240"
"2014","39000.00","0314","Другие вопросы в области национальной безопасности и правоохранительной деятельности","E","88103147950400200",,"03","Местная администрация муниципального","14","Национальная безопасность и правоохранительная деятельность","Закупка товаров, работ, услуг для государственных (муниципальных) нужд","1",,"2015","881","Участие в деятельности по профилактике наркомании в санкт-петербурге","39","M","7950400","final","EN","200"
"2014","39000.00","0314","Другие вопросы в области национальной безопасности и правоохранительной деятельности","E","88103147950400240",,"03","Местная администрация муниципального","14","Национальная безопасность и правоохранительная деятельность","Иные закупки товаров, работ и услуг для обеспечения государственных (муниципальных) нужд","1",,"2015","881","Участие в деятельности по профилактике наркомании в санкт-петербурге","40","M","7950400","final","EN","240"
"2014","15000.00","0314","Другие вопросы в области национальной безопасности и правоохранительной деятельности","E","88103147950500200",,"03","Местная администрация муниципального","14","Национальная безопасность и правоохранительная деятельность","Закупка товаров, работ, услуг для государственных (муниципальных) нужд","1",,"2015","881","Участие в реализации мероприятий по охране здоровья граждан от воздействия окружающего табачного дыма и последствий потребления табака на территории муниципального образования","41","M","7950500","final","EN","200"
"2014","15000.00","0314","Другие вопросы в области национальной безопасности и правоохранительной деятельности","E","88103147950500240",,"03","Местная администрация муниципального","14","Национальная безопасность и правоохранительная деятельность","Иные закупки товаров, работ и услуг для обеспечения государственных (муниципальных) нужд","1",,"2015","881","Участие в реализации мероприятий по охране здоровья граждан от воздействия окружающего табачного дыма и последствий потребления табака на территории муниципального образования","42","M","7950500","final","EN","240"
"2014","15000.00","0314","Другие вопросы в области национальной безопасности и правоохранительной деятельности","E","88103147950600200",,"03","Местная администрация муниципального","14","Национальная безопасность и правоохранительная деятельность","Закупка товаров, работ, услуг для государственных (муниципальных) нужд","1",,"2015","881","Информирование населения о вреде табака и вредном воздействии окружающего табачного дыма, в том числе посредством проведения информационных кампаний в средствах массовой информации","43","M","7950600","final","EN","200"
"2014","15000.00","0314","Другие вопросы в области национальной безопасности и правоохранительной деятельности","E","88103147950600240",,"03","Местная администрация муниципального","14","Национальная безопасность и правоохранительная деятельность","Иные закупки товаров, работ и услуг для обеспечения государственных (муниципальных) нужд","1",,"2015","881","Информирование населения о вреде табака и вредном воздействии окружающего табачного дыма, в том числе посредством проведения информационных кампаний в средствах массовой информации","44","M","7950600","final","EN","240"
"2014","96100.00","0401","Общеэкономические вопросы","E","88104015100100800",,"04","Местная администрация муниципального","01","Национальная экономика","Иные бюджетные ассигнования","1",,"2015","881","Участие в организации и финансировании: временного трудоустройства несовершеннолетних в возрасте от 14 до 18 лет в свободное от учебы время","45","M","5100100","final","EN","800"
"2014","96100.00","0401","Общеэкономические вопросы","E","88104015100100810",,"04","Местная администрация муниципального","01","Национальная экономика","Субсидии юридическим лицам (кроме некоммерческих организаций), индивидуальным предпринимателям, физическим лицам","1",,"2015","881","Участие в организации и финансировании: временного трудоустройства несовершеннолетних в возрасте от 14 до 18 лет в свободное от учебы время","46","M","5100100","final","EN","810"
"2014","35671400.00","0409","Дорожное хозяйство (дорожные фонды)","E","88104093150100200",,"04","Местная администрация муниципального","09","Национальная экономика","Закупка товаров, работ, услуг для государственных (муниципальных) нужд","1",,"2015","881","Текущий ремонт и содержание дорог, расположенных в пределах границ муниципального образования, в соответствии с перечнем, утвержденным правительством санкт-петербурга","47","M","3150100","final","EN","200"
"2014","35671400.00","0409","Дорожное хозяйство (дорожные фонды)","E","88104093150100240",,"04","Местная администрация муниципального","09","Национальная экономика","Иные закупки товаров, работ и услуг для обеспечения государственных (муниципальных) нужд","1",,"2015","881","Текущий ремонт и содержание дорог, расположенных в пределах границ муниципального образования, в соответствии с перечнем, утвержденным правительством санкт-петербурга","48","M","3150100","final","EN","240"
"2014","275000.00","0412","Другие вопросы в области национальной экономики","E","88104123450100200",,"04","Местная администрация муниципального","12","Национальная экономика","Закупка товаров, работ, услуг для государственных (муниципальных) нужд","1",,"2015","881","Мероприятия по содействию развитию малого бизнеса на территории муниципального образования","49","M","3450100","final","EN","200"
"2014","275000.00","0412","Другие вопросы в области национальной экономики","E","88104123450100240",,"04","Местная администрация муниципального","12","Национальная экономика","Иные закупки товаров, работ и услуг для обеспечения государственных (муниципальных) нужд","1",,"2015","881","Мероприятия по содействию развитию малого бизнеса на территории муниципального образования","50","M","3450100","final","EN","240"
"2014","4275700.00","0503","Благоустройство","E","88105036000101200",,"05","Местная администрация муниципального","03","Жилищно-коммунальное хозяйство","Закупка товаров, работ, услуг для государственных (муниципальных) нужд","1",,"2015","881","Текущий ремонт придомовых территорий и дворовых территорий, включая проезды и въезды, пешеходные дорожки","51","M","6000101","final","EN","200"
"2014","4275700.00","0503","Благоустройство","E","88105036000101240",,"05","Местная администрация муниципального","03","Жилищно-коммунальное хозяйство","Иные закупки товаров, работ и услуг для обеспечения государственных (муниципальных) нужд","1",,"2015","881","Текущий ремонт придомовых территорий и дворовых территорий, включая проезды и въезды, пешеходные дорожки","52","M","6000101","final","EN","240"
"2014","1280300.00","0503","Благоустройство","E","88105036000102200",,"05","Местная администрация муниципального","03","Жилищно-коммунальное хозяйство","Закупка товаров, работ, услуг для государственных (муниципальных) нужд","1",,"2015","881","Организация дополнительных парковочных мест на дворовых территориях","53","M","6000102","final","EN","200"
"2014","1280300.00","0503","Благоустройство","E","88105036000102240",,"05","Местная администрация муниципального","03","Жилищно-коммунальное хозяйство","Иные закупки товаров, работ и услуг для обеспечения государственных (муниципальных) нужд","1",,"2015","881","Организация дополнительных парковочных мест на дворовых территориях","54","M","6000102","final","EN","240"
"2014","2545800.00","0503","Благоустройство","E","88105036000103200",,"05","Местная администрация муниципального","03","Жилищно-коммунальное хозяйство","Закупка товаров, работ, услуг для государственных (муниципальных) нужд","1",,"2015","881","Установка, содержание и ремонт ограждений газонов","55","M","6000103","final","EN","200"
"2014","2545800.00","0503","Благоустройство","E","88105036000103240",,"05","Местная администрация муниципального","03","Жилищно-коммунальное хозяйство","Иные закупки товаров, работ и услуг для обеспечения государственных (муниципальных) нужд","1",,"2015","881","Установка, содержание и ремонт ограждений газонов","56","M","6000103","final","EN","240"
"2014","11293900.00","0503","Благоустройство","E","88105036000104200",,"05","Местная администрация муниципального","03","Жилищно-коммунальное хозяйство","Закупка товаров, работ, услуг для государственных (муниципальных) нужд","1",,"2015","881","Установка и содержание малых архитектурных форм, уличной мебели и хозяйственно-бытового оборудования, необходимого для благоустройства территории муниципального образования","57","M","6000104","final","EN","200"
"2014","11293900.00","0503","Благоустройство","E","88105036000104240",,"05","Местная администрация муниципального","03","Жилищно-коммунальное хозяйство","Иные закупки товаров, работ и услуг для обеспечения государственных (муниципальных) нужд","1",,"2015","881","Установка и содержание малых архитектурных форм, уличной мебели и хозяйственно-бытового оборудования, необходимого для благоустройства территории муниципального образования","58","M","6000104","final","EN","240"
"2014","124600.00","0503","Благоустройство","E","88105036000104800",,"05","Местная администрация муниципального","03","Жилищно-коммунальное хозяйство","Иные бюджетные ассигнования","1",,"2015","881","Установка и содержание малых архитектурных форм, уличной мебели и хозяйственно-бытового оборудования, необходимого для благоустройства территории муниципального образования","59","M","6000104","final","EN","800"
"2014","124600.00","0503","Благоустройство","E","88105036000104850",,"05","Местная администрация муниципального","03","Жилищно-коммунальное хозяйство","Уплата налогов, сборов и иных платежей","1",,"2015","881","Установка и содержание малых архитектурных форм, уличной мебели и хозяйственно-бытового оборудования, необходимого для благоустройства территории муниципального образования","60","M","6000104","final","EN","850"
"2014","4017300.00","0503","Благоустройство","E","88105036000105200",,"05","Местная администрация муниципального","03","Жилищно-коммунальное хозяйство","Закупка товаров, работ, услуг для государственных (муниципальных) нужд","1",,"2015","881","Обустройство, содержание и уборка территорий спортивных площадок","61","M","6000105","final","EN","200"
"2014","4017300.00","0503","Благоустройство","E","88105036000105240",,"05","Местная администрация муниципального","03","Жилищно-коммунальное хозяйство","Иные закупки товаров, работ и услуг для обеспечения государственных (муниципальных) нужд","1",,"2015","881","Обустройство, содержание и уборка территорий спортивных площадок","62","M","6000105","final","EN","240"
"2014","200000.00","0503","Благоустройство","E","88105036000106200",,"05","Местная администрация муниципального","03","Жилищно-коммунальное хозяйство","Закупка товаров, работ, услуг для государственных (муниципальных) нужд","1",,"2015","881","Проведение в установленном порядке минимально необходимых мероприятий по обеспечению доступности городской среды для маломобильных групп населения на территориях дворов муниципальных образований","63","M","6000106","final","EN","200"
"2014","200000.00","0503","Благоустройство","E","88105036000106240",,"05","Местная администрация муниципального","03","Жилищно-коммунальное хозяйство","Иные закупки товаров, работ и услуг для обеспечения государственных (муниципальных) нужд","1",,"2015","881","Проведение в установленном порядке минимально необходимых мероприятий по обеспечению доступности городской среды для маломобильных групп населения на территориях дворов муниципальных образований","64","M","6000106","final","EN","240"
"2014","600000.00","0503","Благоустройство","E","88105036000107200",,"05","Местная администрация муниципального","03","Жилищно-коммунальное хозяйство","Закупка товаров, работ, услуг для государственных (муниципальных) нужд","1",,"2015","881","Устройство искусственных неровностей на проездах и въездах на придомовых территориях и дворовых территориях","65","M","6000107","final","EN","200"
"2014","600000.00","0503","Благоустройство","E","88105036000107240",,"05","Местная администрация муниципального","03","Жилищно-коммунальное хозяйство","Иные закупки товаров, работ и услуг для обеспечения государственных (муниципальных) нужд","1",,"2015","881","Устройство искусственных неровностей на проездах и въездах на придомовых территориях и дворовых территориях","66","M","6000107","final","EN","240"
"2014","3976300.00","0503","Благоустройство","E","88105036000201200",,"05","Местная администрация муниципального","03","Жилищно-коммунальное хозяйство","Закупка товаров, работ, услуг для государственных (муниципальных) нужд","1",,"2015","881","Участие в пределах своей компетенции в обеспечении чистоты и порядка на территории муниципального образования, включая ликвидацию несанкционированных свалок бытовых отходов, мусора и уборку территорий, водных акваторий, тупиков и проездов, не включенных в адресные программы, утвержденные исполнительными органами государственной власти санкт-петербурга","67","M","6000201","final","EN","200"
"2014","3976300.00","0503","Благоустройство","E","88105036000201240",,"05","Местная администрация муниципального","03","Жилищно-коммунальное хозяйство","Иные закупки товаров, работ и услуг для обеспечения государственных (муниципальных) нужд","1",,"2015","881","Участие в пределах своей компетенции в обеспечении чистоты и порядка на территории муниципального образования, включая ликвидацию несанкционированных свалок бытовых отходов, мусора и уборку территорий, водных акваторий, тупиков и проездов, не включенных в адресные программы, утвержденные исполнительными органами государственной власти санкт-петербурга","68","M","6000201","final","EN","240"
"2014","12900.00","0503","Благоустройство","E","88105036000201800",,"05","Местная администрация муниципального","03","Жилищно-коммунальное хозяйство","Иные бюджетные ассигнования","1",,"2015","881","Участие в пределах своей компетенции в обеспечении чистоты и порядка на территории муниципального образования, включая ликвидацию несанкционированных свалок бытовых отходов, мусора и уборку территорий, водных акваторий, тупиков и проездов, не включенных в адресные программы, утвержденные исполнительными органами государственной власти санкт-петербурга","69","M","6000201","final","EN","800"
"2014","12900.00","0503","Благоустройство","E","88105036000201850",,"05","Местная администрация муниципального","03","Жилищно-коммунальное хозяйство","Уплата налогов, сборов и иных платежей","1",,"2015","881","Участие в пределах своей компетенции в обеспечении чистоты и порядка на территории муниципального образования, включая ликвидацию несанкционированных свалок бытовых отходов, мусора и уборку территорий, водных акваторий, тупиков и проездов, не включенных в адресные программы, утвержденные исполнительными органами государственной власти санкт-петербурга","70","M","6000201","final","EN","850"
"2014","50000.00","0503","Благоустройство","E","88105036000202200",,"05","Местная администрация муниципального","03","Жилищно-коммунальное хозяйство","Закупка товаров, работ, услуг для государственных (муниципальных) нужд","1",,"2015","881","Организация сбора и вывоза бытовых отходов и мусора с территории муниципального образования, на которой расположены жилые дома частного жилищного фонда","71","M","6000202","final","EN","200"
"2014","50000.00","0503","Благоустройство","E","88105036000202240",,"05","Местная администрация муниципального","03","Жилищно-коммунальное хозяйство","Иные закупки товаров, работ и услуг для обеспечения государственных (муниципальных) нужд","1",,"2015","881","Организация сбора и вывоза бытовых отходов и мусора с территории муниципального образования, на которой расположены жилые дома частного жилищного фонда","72","M","6000202","final","EN","240"
"2014","338800.00","0503","Благоустройство","E","88105036000203200",,"05","Местная администрация муниципального","03","Жилищно-коммунальное хозяйство","Закупка товаров, работ, услуг для государственных (муниципальных) нужд","1",,"2015","881","Оборудование контейнерных площадок на дворовых территориях","73","M","6000203","final","EN","200"
"2014","338800.00","0503","Благоустройство","E","88105036000203240",,"05","Местная администрация муниципального","03","Жилищно-коммунальное хозяйство","Иные закупки товаров, работ и услуг для обеспечения государственных (муниципальных) нужд","1",,"2015","881","Оборудование контейнерных площадок на дворовых территориях","74","M","6000203","final","EN","240"
"2014","4036500.00","0503","Благоустройство","E","88105036000301200",,"05","Местная администрация муниципального","03","Жилищно-коммунальное хозяйство","Закупка товаров, работ, услуг для государственных (муниципальных) нужд","1",,"2015","881","Озеленение территорий зеленых насаждений внутриквартального озеленения, в том числе организацию работ по компенсационному озеленению, осуществляемому в соответствии с законом санкт-петербурга, содержание территорий зеленых насаждений внутриквартального озеленения, ремонт расположенных на них объектов зеленых насаждений, защиту зеленых насаждений на указанных территориях, утверждение перечней территорий зеленых насаждений внутриквартального озеленения","75","M","6000301","final","EN","200"
"2014","4036500.00","0503","Благоустройство","E","88105036000301240",,"05","Местная администрация муниципального","03","Жилищно-коммунальное хозяйство","Иные закупки товаров, работ и услуг для обеспечения государственных (муниципальных) нужд","1",,"2015","881","Озеленение территорий зеленых насаждений внутриквартального озеленения, в том числе организацию работ по компенсационному озеленению, осуществляемому в соответствии с законом санкт-петербурга, содержание территорий зеленых насаждений внутриквартального озеленения, ремонт расположенных на них объектов зеленых насаждений, защиту зеленых насаждений на указанных территориях, утверждение перечней территорий зеленых насаждений внутриквартального озеленения","76","M","6000301","final","EN","240"
"2014","787800.00","0503","Благоустройство","E","88105036000302200",,"05","Местная администрация муниципального","03","Жилищно-коммунальное хозяйство","Закупка товаров, работ, услуг для государственных (муниципальных) нужд","1",,"2015","881","Проведение санитарных рубок, а также удаление аварийных, больных деревьев и кустарников в отношении зеленых насаждений внутриквартального озеленения","77","M","6000302","final","EN","200"
"2014","787800.00","0503","Благоустройство","E","88105036000302240",,"05","Местная администрация муниципального","03","Жилищно-коммунальное хозяйство","Иные закупки товаров, работ и услуг для обеспечения государственных (муниципальных) нужд","1",,"2015","881","Проведение санитарных рубок, а также удаление аварийных, больных деревьев и кустарников в отношении зеленых насаждений внутриквартального озеленения","78","M","6000302","final","EN","240"
"2014","50000.00","0503","Благоустройство","E","88105036000303200",,"05","Местная администрация муниципального","03","Жилищно-коммунальное хозяйство","Закупка товаров, работ, услуг для государственных (муниципальных) нужд","1",,"2015","881","Организация учета зеленых насаждений внутриквартального озеленения на территории муниципального образования","79","M","6000303","final","EN","200"
"2014","50000.00","0503","Благоустройство","E","88105036000303240",,"05","Местная администрация муниципального","03","Жилищно-коммунальное хозяйство","Иные закупки товаров, работ и услуг для обеспечения государственных (муниципальных) нужд","1",,"2015","881","Организация учета зеленых насаждений внутриквартального озеленения на территории муниципального образования","80","M","6000303","final","EN","240"
"2014","6753000.00","0503","Благоустройство","E","88105036000401200",,"05","Местная администрация муниципального","03","Жилищно-коммунальное хозяйство","Закупка товаров, работ, услуг для государственных (муниципальных) нужд","1",,"2015","881","Создание зон отдыха, в том числе обустройство, содержание и уборку территорий детских площадок","81","M","6000401","final","EN","200"
"2014","6753000.00","0503","Благоустройство","E","88105036000401240",,"05","Местная администрация муниципального","03","Жилищно-коммунальное хозяйство","Иные закупки товаров, работ и услуг для обеспечения государственных (муниципальных) нужд","1",,"2015","881","Создание зон отдыха, в том числе обустройство, содержание и уборку территорий детских площадок","82","M","6000401","final","EN","240"
"2014","132000.00","0503","Благоустройство","E","88105036000401800",,"05","Местная администрация муниципального","03","Жилищно-коммунальное хозяйство","Иные бюджетные ассигнования","1",,"2015","881","Создание зон отдыха, в том числе обустройство, содержание и уборку территорий детских площадок","83","M","6000401","final","EN","800"
"2014","132000.00","0503","Благоустройство","E","88105036000401850",,"05","Местная администрация муниципального","03","Жилищно-коммунальное хозяйство","Уплата налогов, сборов и иных платежей","1",,"2015","881","Создание зон отдыха, в том числе обустройство, содержание и уборку территорий детских площадок","84","M","6000401","final","EN","850"
"2014","950000.00","0503","Благоустройство","E","88105036000402200",,"05","Местная администрация муниципального","03","Жилищно-коммунальное хозяйство","Закупка товаров, работ, услуг для государственных (муниципальных) нужд","1",,"2015","881","Выполнение оформления к праздничным мероприятиям на территории муниципального образования","85","M","6000402","final","EN","200"
"2014","950000.00","0503","Благоустройство","E","88105036000402240",,"05","Местная администрация муниципального","03","Жилищно-коммунальное хозяйство","Иные закупки товаров, работ и услуг для обеспечения государственных (муниципальных) нужд","1",,"2015","881","Выполнение оформления к праздничным мероприятиям на территории муниципального образования","86","M","6000402","final","EN","240"
"2014","21500.00","0503","Благоустройство","E","88105036000402800",,"05","Местная администрация муниципального","03","Жилищно-коммунальное хозяйство","Иные бюджетные ассигнования","1",,"2015","881","Выполнение оформления к праздничным мероприятиям на территории муниципального образования","87","M","6000402","final","EN","800"
"2014","21500.00","0503","Благоустройство","E","88105036000402850",,"05","Местная администрация муниципального","03","Жилищно-коммунальное хозяйство","Уплата налогов, сборов и иных платежей","1",,"2015","881","Выполнение оформления к праздничным мероприятиям на территории муниципального образования","88","M","6000402","final","EN","850"
"2014","50000.00","0503","Благоустройство","E","88105036000403200",,"05","Местная администрация муниципального","03","Жилищно-коммунальное хозяйство","Закупка товаров, работ, услуг для государственных (муниципальных) нужд","1",,"2015","881","Организация установки указателей с наименованиями улиц и номерами домов","89","M","6000403","final","EN","200"
"2014","50000.00","0503","Благоустройство","E","88105036000403240",,"05","Местная администрация муниципального","03","Жилищно-коммунальное хозяйство","Иные закупки товаров, работ и услуг для обеспечения государственных (муниципальных) нужд","1",,"2015","881","Организация установки указателей с наименованиями улиц и номерами домов","90","M","6000403","final","EN","240"
"2014","250000.00","0503","Благоустройство","E","88105036000404200",,"05","Местная администрация муниципального","03","Жилищно-коммунальное хозяйство","Закупка товаров, работ, услуг для государственных (муниципальных) нужд","1",,"2015","881","Содержание в порядке и благоустройство воинских захоронений, мемориальных сооружений и объектов, увековечивающих память погибших при защите отечества, расположенных вне земельных участков, входящих в состав кладбищ","91","M","6000404","final","EN","200"
"2014","250000.00","0503","Благоустройство","E","88105036000404240",,"05","Местная администрация муниципального","03","Жилищно-коммунальное хозяйство","Иные закупки товаров, работ и услуг для обеспечения государственных (муниципальных) нужд","1",,"2015","881","Содержание в порядке и благоустройство воинских захоронений, мемориальных сооружений и объектов, увековечивающих память погибших при защите отечества, расположенных вне земельных участков, входящих в состав кладбищ","92","M","6000404","final","EN","240"
"2014","9500.00","0503","Благоустройство","E","88105036000404800",,"05","Местная администрация муниципального","03","Жилищно-коммунальное хозяйство","Иные бюджетные ассигнования","1",,"2015","881","Содержание в порядке и благоустройство воинских захоронений, мемориальных сооружений и объектов, увековечивающих память погибших при защите отечества, расположенных вне земельных участков, входящих в состав кладбищ","93","M","6000404","final","EN","800"
"2014","9500.00","0503","Благоустройство","E","88105036000404850",,"05","Местная администрация муниципального","03","Жилищно-коммунальное хозяйство","Уплата налогов, сборов и иных платежей","1",,"2015","881","Содержание в порядке и благоустройство воинских захоронений, мемориальных сооружений и объектов, увековечивающих память погибших при защите отечества, расположенных вне земельных участков, входящих в состав кладбищ","94","M","6000404","final","EN","850"
"2014","1028000.00","0503","Благоустройство","E","88105036000406200",,"05","Местная администрация муниципального","03","Жилищно-коммунальное хозяйство","Закупка товаров, работ, услуг для государственных (муниципальных) нужд","1",,"2015","881","Организация парковок и автостоянок на территории муниципального образования","95","M","6000406","final","EN","200"
"2014","1028000.00","0503","Благоустройство","E","88105036000406240",,"05","Местная администрация муниципального","03","Жилищно-коммунальное хозяйство","Иные закупки товаров, работ и услуг для обеспечения государственных (муниципальных) нужд","1",,"2015","881","Организация парковок и автостоянок на территории муниципального образования","96","M","6000406","final","EN","240"
"2014","18775000.00","0503","Благоустройство","E","88105036008005200",,"05","Местная администрация муниципального","03","Жилищно-коммунальное хозяйство","Закупка товаров, работ, услуг для государственных (муниципальных) нужд","1",,"2015","881","По организации и осуществлению в соответствии с адресными программами, утвержденными администрациями районов санкт-петербурга, уборки и санитарной очистки территорий, за исключением земельных участков, обеспечение уборки и санитарной очистки которых осуществляется гражданскими и юридическими лицами либо отнесено к полномочиям исполнительных органов государственной власти санкт-петербурга на 2014 год","97","M","6008005","final","EN","200"
"2014","18775000.00","0503","Благоустройство","E","88105036008005240",,"05","Местная администрация муниципального","03","Жилищно-коммунальное хозяйство","Иные закупки товаров, работ и услуг для обеспечения государственных (муниципальных) нужд","1",,"2015","881","По организации и осуществлению в соответствии с адресными программами, утвержденными администрациями районов санкт-петербурга, уборки и санитарной очистки территорий, за исключением земельных участков, обеспечение уборки и санитарной очистки которых осуществляется гражданскими и юридическими лицами либо отнесено к полномочиям исполнительных органов государственной власти санкт-петербурга на 2014 год","98","M","6008005","final","EN","240"
"2014","269000.00","0605","Другие вопросы в области охраны окружающей среды","E","88106054100100200",,"06","Местная администрация муниципального","05","Охрана окружающей среды","Закупка товаров, работ, услуг для государственных (муниципальных) нужд","1",,"2015","881","Участие в мероприятиях по охране окружающей среды в границах муниципального образования, за исключением организации и осуществления мероприятий по экологическому мониторингу","99","M","4100100","final","EN","200"
"2014","269000.00","0605","Другие вопросы в области охраны окружающей среды","E","88106054100100240",,"06","Местная администрация муниципального","05","Охрана окружающей среды","Иные закупки товаров, работ и услуг для обеспечения государственных (муниципальных) нужд","1",,"2015","881","Участие в мероприятиях по охране окружающей среды в границах муниципального образования, за исключением организации и осуществления мероприятий по экологическому мониторингу","100","M","4100100","final","EN","240"
"2014","120000.00","0705","Профессиональная подготовка, переподготовка и повышение квалификации","E","88107054280100240",,"07","Местная администрация муниципального","05","Образование","Иные закупки товаров, работ и услуг для обеспечения государственных (муниципальных) нужд","1",,"2015","881","Организация подготовки, переподготовки и повышения квалификации выборных должностных лиц местного самоуправления, членов выборных органов местного самоуправления, депутатов представительных органов муниципальных образований, а также профессиональной подготовки, переподготовки и повышения квалификации муниципальных служащих и работников муниципальных учреждений","101","M","4280100","final","EN","240"
"2014","447000.00","0707","Молодежная политика и оздоровление детей","E","88107074310100200",,"07","Местная администрация муниципального","07","Образование","Закупка товаров, работ, услуг для государственных (муниципальных) нужд","1",,"2015","881","Проведение работ по военно-патриотическому воспитанию молодежи на территории муниципального образования","102","M","4310100","final","EN","200"
"2014","447000.00","0707","Молодежная политика и оздоровление детей","E","88107074310100240",,"07","Местная администрация муниципального","07","Образование","Иные закупки товаров, работ и услуг для обеспечения государственных (муниципальных) нужд","1",,"2015","881","Проведение работ по военно-патриотическому воспитанию молодежи на территории муниципального образования","103","M","4310100","final","EN","240"
"2014","1303000.00","0707","Молодежная политика и оздоровление детей","E","88107074310200200",,"07","Местная администрация муниципального","07","Образование","Закупка товаров, работ, услуг для государственных (муниципальных) нужд","1",,"2015","881","Организация и проведение досуговых мероприятий для жителей муниципального образования","104","M","4310200","final","EN","200"
"2014","1303000.00","0707","Молодежная политика и оздоровление детей","E","88107074310200240",,"07","Местная администрация муниципального","07","Образование","Иные закупки товаров, работ и услуг для обеспечения государственных (муниципальных) нужд","1",,"2015","881","Организация и проведение досуговых мероприятий для жителей муниципального образования","105","M","4310200","final","EN","240"
"2014","6045000.00","0801","Культура","E","88108014400100200",,"08","Местная администрация муниципального","01","Культура, кинематография","Закупка товаров, работ, услуг для государственных (муниципальных) нужд","1",,"2015","881","Организация местных и участие в организации и проведении городских праздничных и иных зрелищных мероприятий","106","M","4400100","final","EN","200"
"2014","6045000.00","0801","Культура","E","88108014400100240",,"08","Местная администрация муниципального","01","Культура, кинематография","Иные закупки товаров, работ и услуг для обеспечения государственных (муниципальных) нужд","1",,"2015","881","Организация местных и участие в организации и проведении городских праздничных и иных зрелищных мероприятий","107","M","4400100","final","EN","240"
"2014","233000.00","0801","Культура","E","88108014400200200",,"08","Местная администрация муниципального","01","Культура, кинематография","Закупка товаров, работ, услуг для государственных (муниципальных) нужд","1",,"2015","881","Организация и проведение мероприятий по сохранению и развитию местных традиций и обрядов на территории муниципального образования","108","M","4400200","final","EN","200"
"2014","233000.00","0801","Культура","E","88108014400200240",,"08","Местная администрация муниципального","01","Культура, кинематография","Иные закупки товаров, работ и услуг для обеспечения государственных (муниципальных) нужд","1",,"2015","881","Организация и проведение мероприятий по сохранению и развитию местных традиций и обрядов на территории муниципального образования","109","M","4400200","final","EN","240"
"2014","501700.00","1003","Социальное обеспечение населения","E","88110035050100300",,"10","Местная администрация муниципального","03","Социальная политика","Социальное обеспечение и иные выплаты населению","1",,"2015","881","Расходы на предоставление доплат к пенсии лицам, замещавшим муниципальные должности и должности муниципальной службы","110","M","5050100","final","EN","300"
"2014","501700.00","1003","Социальное обеспечение населения","E","88110035050100310",,"10","Местная администрация муниципального","03","Социальная политика","Публичные нормативные социальные выплаты гражданам","1",,"2015","881","Расходы на предоставление доплат к пенсии лицам, замещавшим муниципальные должности и должности муниципальной службы","111","M","5050100","final","EN","310"
"2014","1432900.00","1004","Охрана семьи и детства","E","88110040028002100",,"10","Местная администрация муниципального","04","Социальная политика","Расходы на выплаты персоналу в целях обеспечения выполнения функций государственными (муниципальными) органами, казенными учреждениями, органами управления государственными внебюджетными фондами","1",,"2015","881","Организация и осуществление деятельности по опеке и попечительству","112","M","0028002","final","EN","100"
"2014","1432900.00","1004","Охрана семьи и детства","E","88110040028002120",,"10","Местная администрация муниципального","04","Социальная политика","Расходы на выплаты персоналу государственных (муниципальных) органов","1",,"2015","881","Организация и осуществление деятельности по опеке и попечительству","113","M","0028002","final","EN","120"
"2014","96200.00","1004","Охрана семьи и детства","E","88110040028002200",,"10","Местная администрация муниципального","04","Социальная политика","Закупка товаров, работ, услуг для государственных (муниципальных) нужд","1",,"2015","881","Организация и осуществление деятельности по опеке и попечительству","114","M","0028002","final","EN","200"
"2014","96200.00","1004","Охрана семьи и детства","E","88110040028002240",,"10","Местная администрация муниципального","04","Социальная политика","Иные закупки товаров, работ и услуг для обеспечения государственных (муниципальных) нужд","1",,"2015","881","Организация и осуществление деятельности по опеке и попечительству","115","M","0028002","final","EN","240"
"2014","3366900.00","1004","Охрана семьи и детства","E","88110045118003300",,"10","Местная администрация муниципального","04","Социальная политика","Социальное обеспечение и иные выплаты населению","1",,"2015","881","Назначение и выплата денежных средств на содержание детей, находящихся под опекой или попечительством, и денежных средств на содержание детей, переданных на воспитание в приемные семьи, в санкт-петербурге","116","M","5118003","final","EN","300"
"2014","3366900.00","1004","Охрана семьи и детства","E","88110045118003310",,"10","Местная администрация муниципального","04","Социальная политика","Публичные нормативные социальные выплаты гражданам","1",,"2015","881","Назначение и выплата денежных средств на содержание детей, находящихся под опекой или попечительством, и денежных средств на содержание детей, переданных на воспитание в приемные семьи, в санкт-петербурге","117","M","5118003","final","EN","310"
"2014","966100.00","1004","Охрана семьи и детства","E","88110045118004300",,"10","Местная администрация муниципального","04","Социальная политика","Социальное обеспечение и иные выплаты населению","1",,"2015","881","Выплата вознаграждения приемным родителям","118","M","5118004","final","EN","300"
"2014","966100.00","1004","Охрана семьи и детства","E","88110045118004310",,"10","Местная администрация муниципального","04","Социальная политика","Публичные нормативные социальные выплаты гражданам","1",,"2015","881","Выплата вознаграждения приемным родителям","119","M","5118004","final","EN","310"
"2014","2000000.00","1102","Массовый спорт","E","88111024870100200",,"11","Местная администрация муниципального","02","Физическая культура и спорт","Закупка товаров, работ, услуг для государственных (муниципальных) нужд","1",,"2015","881","Создание условий для развития на территории муниципального образования массовой физической культуры и спорта","120","M","4870100","final","EN","200"
"2014","2000000.00","1102","Массовый спорт","E","88111024870100240",,"11","Местная администрация муниципального","02","Физическая культура и спорт","Иные закупки товаров, работ и услуг для обеспечения государственных (муниципальных) нужд","1",,"2015","881","Создание условий для развития на территории муниципального образования массовой физической культуры и спорта","121","M","4870100","final","EN","240"
"2014","2271900.00","1202","Периодическая печать и издательства","E","88112024570100200",,"12","Местная администрация муниципального","02","Средства массовой информации","Закупка товаров, работ, услуг для государственных (муниципальных) нужд","1",,"2015","881","Учреждение печатного средства массовой информации, опубликование муниципальных правовых актов, иной информации","122","M","4570100","final","EN","200"
"2014","2271900.00","1202","Периодическая печать и издательства","E","88112024570100240",,"12","Местная администрация муниципального","02","Средства массовой информации","Иные закупки товаров, работ и услуг для обеспечения государственных (муниципальных) нужд","1",,"2015","881","Учреждение печатного средства массовой информации, опубликование муниципальных правовых актов, иной информации","123","M","4570100","final","EN","240"
"2014","3954000.00","1204","Другие вопросы в области средств массовой информации","E","88112043300100240",,"12","Местная администрация муниципального","04","Средства массовой информации","Иные закупки товаров, работ и услуг для обеспечения государственных (муниципальных) нужд","1",,"2015","881","Содержание муниципальной информационной службы","124","M","3300100","final","EN","240"
